KEY_CODE,HYOSYO,CITYNAME,MOJI,HTKSYORI,HTKSAKI,GASSAN,総数、年齢「不詳」含む,総数０～４歳,総数５～９歳,総数１０～１４歳,総数１５～１９歳,総数２０～２４歳,総数２５～２９歳,総数３０～３４歳,総数３５～３９歳,総数４０～４４歳,総数４５～４９歳,総数５０～５４歳,総数５５～５９歳,総数６０～６４歳,総数６５～６９歳,総数７０～７４歳,総数１５歳未満,総数１５～６４歳,総数６５歳以上,総数７５歳以上,男の総数、年齢「不詳」含む,男０～４歳,男５～９歳,男１０～１４歳,男１５～１９歳,男２０～２４歳,男２５～２９歳,男３０～３４歳,男３５～３９歳,男４０～４４歳,男４５～４９歳,男５０～５４歳,男５５～５９歳,男６０～６４歳,男６５～６９歳,男７０～７４歳,男１５歳未満,男１５～６４歳,男６５歳以上,男７５歳以上,女の総数、年齢「不詳」含む,女０～４歳,女５～９歳,女１０～１４歳,女１５～１９歳,女２０～２４歳,女２５～２９歳,女３０～３４歳,女３５～３９歳,女４０～４４歳,女４５～４９歳,女５０～５４歳,女５５～５９歳,女６０～６４歳,女６５～６９歳,女７０～７４歳,女１５歳未満,女１５～６４歳,女６５歳以上,女７５歳以上
131190010,2,板橋区,板橋,,,,23582,702,514,511,838,1689,2229,2226,1909,1937,1643,1464,1200,1240,1422,1103,1727,16375,4514,1989,11727,347,275,258,379,822,1123,1173,1036,983,849,775,600,637,714,502,880,8377,1993,777,11855,355,239,253,459,867,1106,1053,873,954,794,689,600,603,708,601,847,7998,2521,1212
13119001001,3,板橋区,板橋１丁目,,,,7292,215,145,148,232,428,678,693,626,627,577,514,415,390,402,325,508,5180,1267,540,3520,99,79,75,104,186,319,350,322,297,296,280,195,203,196,148,253,2552,556,212,3772,116,66,73,128,242,359,343,304,330,281,234,220,187,206,177,255,2628,711,328
13119001002,3,板橋区,板橋２丁目,,,,5892,141,116,124,206,494,650,652,489,486,344,346,262,301,341,243,381,4230,1036,452,2953,69,68,65,97,252,333,344,272,250,178,166,140,151,174,100,202,2183,449,175,2939,72,48,59,109,242,317,308,217,236,166,180,122,150,167,143,179,2047,587,277
13119001003,3,板橋区,板橋３丁目,,,,5568,202,146,145,230,394,464,403,432,433,400,349,282,303,370,285,493,3690,1168,513,2797,107,73,72,115,184,228,217,247,225,208,193,144,149,197,131,252,1910,527,199,2771,95,73,73,115,210,236,186,185,208,192,156,138,154,173,154,241,1780,641,314
13119001004,3,板橋区,板橋４丁目,,,,4830,144,107,94,170,373,437,478,362,391,322,255,241,246,309,250,345,3275,1043,484,2457,72,55,46,63,200,243,262,195,211,167,136,121,134,147,123,173,1732,461,191,2373,72,52,48,107,173,194,216,167,180,155,119,120,112,162,127,172,1543,582,293
131190020,2,板橋区,加賀,,,,9546,488,449,419,769,736,362,535,627,772,732,736,517,526,556,360,1356,6312,1649,733,4235,238,245,203,215,198,152,245,285,369,370,379,264,246,281,174,686,2723,681,226,5311,250,204,216,554,538,210,290,342,403,362,357,253,280,275,186,670,3589,968,507
13119002001,3,板橋区,加賀１丁目,,,,4523,285,184,143,311,257,186,346,336,312,308,378,275,276,268,184,612,2985,864,412,2054,132,96,68,101,95,88,167,159,146,155,188,142,130,132,85,296,1371,342,125,2469,153,88,75,210,162,98,179,177,166,153,190,133,146,136,99,316,1614,522,287
13119002002,3,板橋区,加賀２丁目,,,,5023,203,265,276,458,479,176,189,291,460,424,358,242,250,288,176,744,3327,785,321,2181,106,149,135,114,103,64,78,126,223,215,191,122,116,149,89,390,1352,339,101,2842,97,116,141,344,376,112,111,165,237,209,167,120,134,139,87,354,1975,446,220
131190030,2,板橋区,大山東町,,,,5813,179,117,121,160,406,517,559,508,500,401,346,318,358,357,257,417,4073,1104,490,2889,94,64,59,78,179,233,289,272,278,207,178,156,183,188,130,217,2053,512,194,2924,85,53,62,82,227,284,270,236,222,194,168,162,175,169,127,200,2020,592,296
131190040,2,板橋区,大山金井町,,,,5442,153,137,142,177,320,479,462,431,431,356,322,307,334,381,269,432,3619,1175,525,2765,77,72,80,94,157,223,244,227,233,191,165,155,179,200,129,229,1868,543,214,2677,76,65,62,83,163,256,218,204,198,165,157,152,155,181,140,203,1751,632,311
131190050,2,板橋区,熊野町,,,,4128,145,109,124,141,285,331,351,370,327,297,291,237,248,249,147,378,2878,711,315,2115,74,61,66,87,155,160,197,199,166,153,155,113,121,123,61,201,1506,306,122,2013,71,48,58,54,130,171,154,171,161,144,136,124,127,126,86,177,1372,405,193
131190060,2,板橋区,中丸町,,,,6147,268,216,173,227,352,439,544,544,517,431,401,294,294,372,280,657,4043,1193,541,3094,148,108,97,114,166,234,293,305,274,219,214,151,143,193,124,353,2113,506,189,3053,120,108,76,113,186,205,251,239,243,212,187,143,151,179,156,304,1930,687,352
131190070,2,板橋区,南町,,,,4625,137,128,122,167,290,416,378,376,369,316,261,239,233,269,224,387,3045,959,466,2330,67,74,65,82,147,224,211,208,207,157,141,128,128,121,92,206,1633,386,173,2295,70,54,57,85,143,192,167,168,162,159,120,111,105,148,132,181,1412,573,293
131190080,2,板橋区,稲荷台,,,,2954,100,129,106,151,282,214,173,190,192,185,280,185,124,159,145,335,1976,586,282,1469,56,58,54,88,136,94,76,114,96,87,144,104,72,86,71,168,1011,264,107,1485,44,71,52,63,146,120,97,76,96,98,136,81,52,73,74,167,965,322,175
131190090,2,板橋区,仲宿,,,,7673,279,239,228,245,417,502,575,587,626,570,503,414,460,523,447,746,4899,1815,845,3841,137,127,112,137,200,258,291,312,335,301,256,207,238,264,214,376,2535,812,334,3832,142,112,116,108,217,244,284,275,291,269,247,207,222,259,233,370,2364,1003,511
131190100,2,板橋区,氷川町,,,,4422,219,137,137,165,320,424,453,389,362,291,239,200,193,224,171,493,3036,738,343,2190,106,76,63,80,139,187,222,212,186,149,137,111,103,117,81,245,1526,320,122,2232,113,61,74,85,181,237,231,177,176,142,102,89,90,107,90,248,1510,418,221
131190110,2,板橋区,栄町,,,,4084,120,107,114,141,216,329,266,269,286,273,263,225,239,320,288,341,2507,1104,496,2041,67,58,57,76,119,167,144,151,151,128,133,110,121,166,135,182,1300,495,194,2043,53,49,57,65,97,162,122,118,135,145,130,115,118,154,153,159,1207,609,302
131190120,2,板橋区,大山町,,,,4766,215,119,99,151,267,342,460,452,385,327,304,255,276,254,215,433,3219,929,460,2374,107,65,52,66,129,176,239,235,224,159,147,128,141,130,105,224,1644,404,169,2392,108,54,47,85,138,166,221,217,161,168,157,127,135,124,110,209,1575,525,291
131190130,2,板橋区,大山西町,,,,4238,107,112,111,117,290,374,289,286,361,276,283,221,239,269,259,330,2736,1021,493,2066,54,54,55,67,131,179,161,150,183,149,134,106,133,121,125,163,1393,435,189,2172,53,58,56,50,159,195,128,136,178,127,149,115,106,148,134,167,1343,586,304
131190140,2,板橋区,幸町,,,,5184,159,172,173,181,262,317,355,363,397,368,321,278,289,352,345,504,3131,1403,706,2563,90,97,85,95,146,169,183,201,204,182,174,137,131,174,147,272,1622,596,275,2621,69,75,88,86,116,148,172,162,193,186,147,141,158,178,198,232,1509,807,431
131190150,2,板橋区,中板橋,,,,3886,150,93,101,117,198,306,344,330,355,294,222,191,191,250,211,344,2548,875,414,1930,80,52,56,56,89,144,161,193,184,161,107,105,92,120,109,188,1292,381,152,1956,70,41,45,61,109,162,183,137,171,133,115,86,99,130,102,156,1256,494,262
131190160,2,板橋区,仲町,,,,4537,138,112,96,173,405,343,341,326,302,277,230,194,246,287,240,346,2837,1242,715,2141,63,58,46,58,124,152,192,167,163,162,132,100,125,170,118,167,1375,528,240,2396,75,54,50,115,281,191,149,159,139,115,98,94,121,117,122,179,1462,714,475
131190170,2,板橋区,弥生町,,,,5463,245,153,124,181,361,469,475,442,432,351,309,271,288,342,281,522,3579,1224,601,2746,128,80,68,89,179,226,228,228,238,184,162,149,155,184,128,276,1838,556,244,2717,117,73,56,92,182,243,247,214,194,167,147,122,133,158,153,246,1741,668,357
131190180,2,板橋区,本町,,,,6434,252,198,178,237,501,550,515,550,490,439,368,379,347,369,314,628,4376,1246,563,3111,138,91,80,117,227,255,262,271,250,236,177,205,171,174,149,309,2171,547,224,3323,114,107,98,120,274,295,253,279,240,203,191,174,176,195,165,319,2205,699,339
131190190,2,板橋区,大和町,,,,4892,128,112,115,180,373,369,380,297,367,329,295,283,283,397,293,355,3156,1229,539,2414,65,59,54,77,155,175,188,167,189,182,161,156,140,208,151,178,1590,567,208,2478,63,53,61,103,218,194,192,130,178,147,134,127,143,189,142,177,1566,662,331
131190200,2,板橋区,双葉町,,,,5177,162,180,157,201,320,360,404,392,424,310,301,278,309,385,299,499,3299,1246,562,2527,82,86,81,109,130,148,194,210,213,162,145,152,152,195,158,249,1615,591,238,2650,80,94,76,92,190,212,210,182,211,148,156,126,157,190,141,250,1684,655,324
131190210,2,板橋区,富士見町,,,,4020,109,97,75,126,247,233,282,225,262,273,239,195,250,306,294,281,2332,1292,692,1955,60,55,42,63,120,117,151,109,135,137,133,100,131,144,135,157,1196,535,256,2065,49,42,33,63,127,116,131,116,127,136,106,95,119,162,159,124,1136,757,436
131190220,2,板橋区,大谷口上町,,,,4118,146,122,112,166,281,274,253,252,286,308,229,225,257,302,269,380,2531,1138,567,2002,73,73,52,65,101,128,123,126,154,181,117,122,134,161,125,198,1251,514,228,2116,73,49,60,101,180,146,130,126,132,127,112,103,123,141,144,182,1280,624,339
131190230,2,板橋区,大谷口北町,,,,5902,183,193,252,242,367,390,354,383,471,436,455,348,323,365,370,628,3769,1395,660,2897,97,90,125,114,180,212,186,203,251,203,226,196,166,164,168,312,1937,595,263,3005,86,103,127,128,187,178,168,180,220,233,229,152,157,201,202,316,1832,800,397
131190240,2,板橋区,大谷口,,,,5834,164,160,206,228,325,466,479,406,436,398,379,347,359,373,283,530,3823,1332,676,2991,91,78,106,137,170,249,263,228,233,213,193,172,198,191,123,275,2056,584,270,2843,73,82,100,91,155,217,216,178,203,185,186,175,161,182,160,255,1767,748,406
13119024001,3,板橋区,大谷口１丁目,,,,2129,64,49,59,92,106,176,204,149,143,137,118,119,138,140,120,172,1382,531,271,1130,36,21,35,61,62,96,107,90,79,70,57,66,81,75,54,92,769,246,117,999,28,28,24,31,44,80,97,59,64,67,61,53,57,65,66,80,613,285,154
13119024002,3,板橋区,大谷口２丁目,,,,3705,100,111,147,136,219,290,275,257,293,261,261,228,221,233,163,358,2441,801,405,1861,55,57,71,76,108,153,156,138,154,143,136,106,117,116,69,183,1287,338,153,1844,45,54,76,60,111,137,119,119,139,118,125,122,104,117,94,175,1154,463,252
131190250,2,板橋区,向原,,,,7740,397,195,167,203,422,662,783,733,678,504,452,368,361,415,409,759,5166,1607,783,3774,199,94,84,107,206,313,391,372,350,271,234,182,184,199,184,377,2610,680,297,3966,198,101,83,96,216,349,392,361,328,233,218,186,177,216,225,382,2556,927,486
13119025001,3,板橋区,向原１丁目,,,,2409,130,77,56,84,145,192,228,225,218,143,149,155,126,143,111,263,1665,420,166,1179,62,31,31,42,71,85,114,117,113,71,75,78,64,75,51,124,830,192,66,1230,68,46,25,42,74,107,114,108,105,72,74,77,62,68,60,139,835,228,100
13119025002,3,板橋区,向原２丁目,,,,2692,99,68,54,71,190,307,294,250,224,154,170,120,131,124,117,221,1911,447,206,1325,49,34,28,38,91,149,144,128,113,87,97,58,64,64,54,111,969,192,74,1367,50,34,26,33,99,158,150,122,111,67,73,62,67,60,63,110,942,255,132
13119025003,3,板橋区,向原３丁目,,,,2639,168,50,57,48,87,163,261,258,236,207,133,93,104,148,181,275,1590,740,411,1270,88,29,25,27,44,79,133,127,124,113,62,46,56,60,79,142,811,296,157,1369,80,21,32,21,43,84,128,131,112,94,71,47,48,88,102,133,779,444,254
131190260,2,板橋区,小茂根,,,,16351,581,513,584,649,1047,1364,1401,1268,1384,1341,1179,902,877,855,664,1678,11412,2920,1401,7931,296,249,275,329,529,662,702,648,698,679,591,457,427,395,295,820,5722,1200,510,8420,285,264,309,320,518,702,699,620,686,662,588,445,450,460,369,858,5690,1720,891
13119026001,3,板橋区,小茂根１丁目,,,,4810,137,124,141,174,350,460,484,348,359,389,375,240,241,246,174,402,3420,844,424,2329,75,63,64,87,189,225,242,166,179,198,175,128,110,118,82,202,1699,345,145,2481,62,61,77,87,161,235,242,182,180,191,200,112,131,128,92,200,1721,499,279
13119026002,3,板橋区,小茂根２丁目,,,,4066,163,113,130,164,262,307,320,333,340,310,300,238,244,200,165,406,2818,763,398,2017,83,54,58,88,119,159,171,181,172,152,155,127,128,90,73,195,1452,323,160,2049,80,59,72,76,143,148,149,152,168,158,145,111,116,110,92,211,1366,440,238
13119026003,3,板橋区,小茂根３丁目,,,,2764,122,123,134,134,122,161,193,212,276,263,214,180,176,162,114,379,1931,415,139,1357,66,56,73,68,58,71,93,109,133,133,103,92,86,83,54,195,946,196,59,1407,56,67,61,66,64,90,100,103,143,130,111,88,90,79,60,184,985,219,80
13119026004,3,板橋区,小茂根４丁目,,,,3632,105,112,130,118,243,339,314,273,304,294,224,197,168,197,168,347,2474,750,385,1669,48,52,56,52,118,158,148,146,153,150,119,88,81,82,68,156,1213,269,119,1963,57,60,74,66,125,181,166,127,151,144,105,109,87,115,100,191,1261,481,266
13119026005,3,板橋区,小茂根５丁目,,,,1079,54,41,49,59,70,97,90,102,105,85,66,47,48,50,43,144,769,148,55,559,24,24,24,34,45,49,48,46,61,46,39,22,22,22,18,72,412,67,27,520,30,17,25,25,25,48,42,56,44,39,27,25,26,28,25,72,357,81,28
131190270,2,板橋区,常盤台,,,,12400,374,385,363,468,718,819,846,874,947,873,775,686,747,910,709,1122,7753,3163,1544,5982,182,209,184,229,329,386,418,427,469,454,407,357,368,453,325,575,3844,1366,588,6418,192,176,179,239,389,433,428,447,478,419,368,329,379,457,384,547,3909,1797,956
13119027001,3,板橋区,常盤台１丁目,,,,4499,149,165,143,204,261,296,309,353,373,342,290,262,243,290,227,457,2933,989,472,2178,69,97,71,92,133,135,162,168,187,172,146,127,128,135,98,237,1450,419,186,2321,80,68,72,112,128,161,147,185,186,170,144,135,115,155,129,220,1483,570,286
13119027002,3,板橋区,常盤台２丁目,,,,2148,48,54,60,68,120,107,116,112,146,139,129,121,160,204,161,162,1218,693,328,1063,22,28,34,36,64,46,59,52,74,74,66,65,74,109,79,84,610,326,138,1085,26,26,26,32,56,61,57,60,72,65,63,56,86,95,82,78,608,367,190
13119027003,3,板橋区,常盤台３丁目,,,,3145,96,85,93,126,190,203,234,206,232,236,199,174,192,230,160,274,1992,784,394,1524,53,42,50,59,80,106,109,115,111,123,108,92,92,122,73,145,995,331,136,1621,43,43,43,67,110,97,125,91,121,113,91,82,100,108,87,129,997,453,258
13119027004,3,板橋区,常盤台４丁目,,,,2608,81,81,67,70,147,213,187,203,196,156,157,129,152,186,161,229,1610,697,350,1217,38,42,29,42,52,99,88,92,97,85,87,73,74,87,75,109,789,290,128,1391,43,39,38,28,95,114,99,111,99,71,70,56,78,99,86,120,821,407,222
131190280,2,板橋区,南常盤台,,,,6931,181,171,173,258,541,598,644,502,510,505,424,383,391,425,330,525,4756,1402,647,3337,99,85,103,136,254,260,305,264,258,265,208,186,195,212,155,287,2331,600,233,3594,82,86,70,122,287,338,339,238,252,240,216,197,196,213,175,238,2425,802,414
13119028001,3,板橋区,南常盤台１丁目,,,,3581,77,98,87,106,266,348,357,290,273,246,192,202,196,207,171,262,2476,696,318,1671,40,43,56,47,104,140,172,152,149,129,94,95,100,92,78,139,1182,285,115,1910,37,55,31,59,162,208,185,138,124,117,98,107,96,115,93,123,1294,411,203
13119028002,3,板橋区,南常盤台２丁目,,,,3350,104,73,86,152,275,250,287,212,237,259,232,181,195,218,159,263,2280,706,329,1666,59,42,47,89,150,120,133,112,109,136,114,91,95,120,77,148,1149,315,118,1684,45,31,39,63,125,130,154,100,128,123,118,90,100,98,82,115,1131,391,211
131190290,2,板橋区,東新町,,,,9543,344,363,342,410,560,718,712,742,759,677,618,514,524,556,464,1049,6234,2081,1061,4669,181,189,175,187,270,349,367,360,380,347,333,255,287,269,236,545,3135,899,394,4874,163,174,167,223,290,369,345,382,379,330,285,259,237,287,228,504,3099,1182,667
13119029001,3,板橋区,東新町１丁目,,,,4859,174,179,158,158,325,430,400,414,381,337,290,225,263,284,228,511,3223,1009,497,2374,84,95,77,73,139,199,201,192,213,168,163,111,146,143,119,256,1605,450,188,2485,90,84,81,85,186,231,199,222,168,169,127,114,117,141,109,255,1618,559,309
13119029002,3,板橋区,東新町２丁目,,,,4684,170,184,184,252,235,288,312,328,378,340,328,289,261,272,236,538,3011,1072,564,2295,97,94,98,114,131,150,166,168,167,179,170,144,141,126,117,289,1530,449,206,2389,73,90,86,138,104,138,146,160,211,161,158,145,120,146,119,249,1481,623,358
131190300,2,板橋区,上板橋,,,,9103,250,214,236,293,564,785,694,639,734,604,579,534,535,659,502,700,5961,2186,1025,4395,128,102,124,136,254,371,356,329,376,295,301,291,271,319,235,354,2980,922,368,4708,122,112,112,157,310,414,338,310,358,309,278,243,264,340,267,346,2981,1264,657
13119030001,3,板橋区,上板橋１丁目,,,,2122,61,58,45,68,114,188,173,164,172,124,117,108,139,156,118,164,1367,523,249,1078,31,36,21,32,52,86,88,81,96,62,67,72,69,81,68,88,705,242,93,1044,30,22,24,36,62,102,85,83,76,62,50,36,70,75,50,76,662,281,156
13119030002,3,板橋区,上板橋２丁目,,,,4813,126,126,135,162,322,370,330,338,395,337,347,289,271,347,274,387,3161,1132,511,2291,65,49,74,80,150,173,168,175,200,168,178,148,137,155,127,188,1577,459,177,2522,61,77,61,82,172,197,162,163,195,169,169,141,134,192,147,199,1584,673,334
13119030003,3,板橋区,上板橋３丁目,,,,2168,63,30,56,63,128,227,191,137,167,143,115,137,125,156,110,149,1433,531,265,1026,32,17,29,24,52,112,100,73,80,65,56,71,65,83,40,78,698,221,98,1142,31,13,27,39,76,115,91,64,87,78,59,66,60,73,70,71,735,310,167
131190310,2,板橋区,清水町,,,,6742,377,210,121,274,536,550,664,611,547,421,325,286,324,373,286,708,4538,1347,688,3479,191,118,73,176,321,270,326,320,285,228,166,154,171,198,123,382,2417,612,291,3263,186,92,48,98,215,280,338,291,262,193,159,132,153,175,163,326,2121,735,397
131190320,2,板橋区,蓮沼町,,,,5129,143,122,134,177,327,414,355,358,399,343,302,282,348,372,325,399,3305,1253,556,2583,71,63,71,93,175,182,177,196,201,185,159,154,191,190,162,205,1713,564,212,2546,72,59,63,84,152,232,178,162,198,158,143,128,157,182,163,194,1592,689,344
131190330,2,板橋区,大原町,,,,4421,183,190,203,195,267,311,312,349,414,378,292,229,239,266,195,576,2986,747,286,2244,85,89,114,107,143,190,169,158,205,196,165,110,119,135,88,288,1562,341,118,2177,98,101,89,88,124,121,143,191,209,182,127,119,120,131,107,288,1424,406,168
131190340,2,板橋区,泉町,,,,3266,126,113,119,142,205,228,214,248,277,228,204,179,188,228,160,358,2113,718,330,1703,71,55,74,89,123,124,112,128,144,118,116,91,105,108,80,200,1150,314,126,1563,55,58,45,53,82,104,102,120,133,110,88,88,83,120,80,158,963,404,204
131190350,2,板橋区,宮本町,,,,5599,138,174,204,250,459,487,356,370,438,438,268,251,318,335,325,516,3635,1278,618,2870,71,89,111,140,262,267,200,192,230,238,131,129,149,182,158,271,1938,566,226,2729,67,85,93,110,197,220,156,178,208,200,137,122,169,153,167,245,1697,712,392
131190360,2,板橋区,志村,,,,12656,451,409,411,516,707,772,804,918,1008,965,890,746,800,964,672,1271,8126,2938,1302,6164,245,203,230,231,348,359,411,457,501,480,479,379,392,478,304,678,4037,1245,463,6492,206,206,181,285,359,413,393,461,507,485,411,367,408,486,368,593,4089,1693,839
13119036001,3,板橋区,志村１丁目,,,,5219,155,159,160,220,339,325,319,360,376,377,380,311,357,418,286,474,3364,1256,552,2492,73,78,94,93,169,140,166,182,182,180,206,166,168,216,117,245,1652,519,186,2727,82,81,66,127,170,185,153,178,194,197,174,145,189,202,169,229,1712,737,366
13119036002,3,板橋区,志村２丁目,,,,4193,160,166,169,195,219,213,232,293,351,343,309,274,303,311,201,495,2732,888,376,2049,86,75,91,93,109,108,109,152,167,168,157,132,153,158,100,252,1348,408,150,2144,74,91,78,102,110,105,123,141,184,175,152,142,150,153,101,243,1384,480,226
13119036003,3,板橋区,志村３丁目,,,,3244,136,84,82,101,149,234,253,265,281,245,201,161,140,235,185,302,2030,794,374,1623,86,50,45,45,70,111,136,123,152,132,116,81,71,104,87,181,1037,318,127,1621,50,34,37,56,79,123,117,142,129,113,85,80,69,131,98,121,993,476,247
131190370,2,板橋区,坂下,,,,19249,775,696,748,812,906,1021,1167,1443,1592,1350,1164,1002,1205,1504,1224,2219,11662,5072,2344,9174,405,344,364,384,442,504,573,732,801,660,602,484,590,724,566,1113,5772,2131,841,10075,370,352,384,428,464,517,594,711,791,690,562,518,615,780,658,1106,5890,2941,1503
13119037001,3,板橋区,坂下１丁目,,,,5738,170,148,215,274,310,346,297,367,430,411,328,313,380,501,362,533,3456,1612,749,2764,98,73,102,127,144,183,154,195,207,180,177,147,198,236,174,273,1712,701,291,2974,72,75,113,147,166,163,143,172,223,231,151,166,182,265,188,260,1744,911,458
13119037002,3,板橋区,坂下２丁目,,,,5850,201,262,275,291,311,297,288,433,514,460,395,326,363,376,337,738,3678,1352,639,2778,108,129,141,148,155,137,146,209,259,232,186,158,173,177,154,378,1803,552,221,3072,93,133,134,143,156,160,142,224,255,228,209,168,190,199,183,360,1875,800,418
13119037003,3,板橋区,坂下３丁目,,,,7661,404,286,258,247,285,378,582,643,648,479,441,363,462,627,525,948,4528,2108,956,3632,199,142,121,109,143,184,273,328,335,248,239,179,219,311,238,462,2257,878,329,4029,205,144,137,138,142,194,309,315,313,231,202,184,243,316,287,486,2271,1230,627
131190380,2,板橋区,東坂下,,,,3628,182,164,127,151,134,169,290,320,300,253,202,188,231,274,192,473,2238,855,389,1748,101,79,62,80,72,83,136,178,152,135,104,80,116,133,88,242,1136,341,120,1880,81,85,65,71,62,86,154,142,148,118,98,108,115,141,104,231,1102,514,269
13119038001,3,板橋区,東坂下１丁目,,,,2265,139,116,86,90,92,111,198,246,196,160,127,115,138,140,102,341,1473,418,176,1102,72,51,48,47,47,49,96,134,102,83,64,47,64,73,51,171,733,185,61,1163,67,65,38,43,45,62,102,112,94,77,63,68,74,67,51,170,740,233,115
13119038002,3,板橋区,東坂下２丁目,,,,1363,43,48,41,61,42,58,92,74,104,93,75,73,93,134,90,132,765,437,213,646,29,28,14,33,25,34,40,44,50,52,40,33,52,60,37,71,403,156,59,717,14,20,27,28,17,24,52,30,54,41,35,40,41,74,53,61,362,281,154
131190390,2,板橋区,小豆沢,,,,14576,679,548,484,582,851,913,1097,1155,1254,1072,863,785,812,951,744,1711,9384,3086,1391,7054,360,265,243,271,366,446,530,593,630,563,461,414,399,457,356,868,4673,1293,480,7522,319,283,241,311,485,467,567,562,624,509,402,371,413,494,388,843,4711,1793,911
13119039001,3,板橋区,小豆沢１丁目,,,,3724,180,130,122,141,233,254,286,297,292,261,225,198,164,200,178,432,2351,769,391,1727,99,65,68,69,71,104,142,150,145,133,107,109,81,83,79,232,1111,294,132,1997,81,65,54,72,162,150,144,147,147,128,118,89,83,117,99,200,1240,475,259
13119039002,3,板橋区,小豆沢２丁目,,,,5325,308,235,172,207,285,311,407,481,490,398,293,288,283,357,270,715,3443,1066,439,2574,162,103,71,94,132,169,193,242,250,212,152,146,130,185,123,336,1720,458,150,2751,146,132,101,113,153,142,214,239,240,186,141,142,153,172,147,379,1723,608,289
13119039003,3,板橋区,小豆沢３丁目,,,,1686,62,50,36,44,102,134,137,117,126,104,89,112,125,144,107,148,1090,409,158,830,35,24,18,16,53,65,69,62,62,57,49,59,66,67,53,77,558,178,58,856,27,26,18,28,49,69,68,55,64,47,40,53,59,77,54,71,532,231,100
13119039004,3,板橋区,小豆沢４丁目,,,,3841,129,133,154,190,231,214,267,260,346,309,256,187,240,250,189,416,2500,842,403,1923,64,73,86,92,110,108,126,139,173,161,153,100,122,122,101,223,1284,363,140,1918,65,60,68,98,121,106,141,121,173,148,103,87,118,128,88,193,1216,479,263
131190400,2,板橋区,西台,,,,12851,479,547,565,647,754,734,719,834,977,944,938,739,708,772,661,1591,7994,3061,1628,6298,246,286,288,331,387,363,361,412,526,476,475,376,333,410,296,820,4040,1323,617,6553,233,261,277,316,367,371,358,422,451,468,463,363,375,362,365,771,3954,1738,1011
13119040001,3,板橋区,西台１丁目,,,,2744,109,121,122,135,165,155,161,179,226,163,184,147,151,171,154,352,1666,693,368,1362,53,64,64,74,91,77,83,93,126,81,95,77,64,94,70,181,861,304,140,1382,56,57,58,61,74,78,78,86,100,82,89,70,87,77,84,171,805,389,228
13119040002,3,板橋区,西台２丁目,,,,3952,172,183,165,183,250,240,240,269,290,312,263,230,221,234,187,520,2498,860,439,1995,94,97,82,96,121,122,120,124,158,166,140,120,119,125,87,273,1286,400,188,1957,78,86,83,87,129,118,120,145,132,146,123,110,102,109,100,247,1212,460,251
13119040003,3,板橋区,西台３丁目,,,,3912,120,163,162,172,204,210,202,255,281,275,266,224,197,230,195,445,2286,1105,680,1913,63,83,79,91,120,107,107,131,144,148,133,118,91,126,82,225,1190,443,235,1999,57,80,83,81,84,103,95,124,137,127,133,106,106,104,113,220,1096,662,445
13119040004,3,板橋区,西台４丁目,,,,2243,78,80,116,157,135,129,116,131,180,194,225,138,139,137,125,274,1544,403,141,1028,36,42,63,70,55,57,51,64,98,81,107,61,59,65,57,141,703,176,54,1215,42,38,53,87,80,72,65,67,82,113,118,77,80,72,68,133,841,227,87
131190410,2,板橋区,中台,,,,15943,490,551,605,696,804,949,886,984,1232,1123,1043,883,1024,1331,994,1646,9624,4274,1949,8065,260,279,296,372,436,531,460,490,629,579,532,445,531,629,470,835,5005,1921,822,7878,230,272,309,324,368,418,426,494,603,544,511,438,493,702,524,811,4619,2353,1127
13119041001,3,板橋区,中台１丁目,,,,5488,179,181,188,245,327,362,335,348,430,377,375,330,373,390,295,548,3502,1306,621,2829,84,99,86,147,190,197,184,177,225,199,190,170,196,203,145,269,1875,588,240,2659,95,82,102,98,137,165,151,171,205,178,185,160,177,187,150,279,1627,718,381
13119041002,3,板橋区,中台２丁目,,,,3497,124,138,149,155,203,318,225,229,260,277,246,193,176,159,130,411,2282,621,332,1914,71,64,71,75,114,192,118,119,146,152,149,112,107,75,56,206,1284,266,135,1583,53,74,78,80,89,126,107,110,114,125,97,81,69,84,74,205,998,355,197
13119041003,3,板橋区,中台３丁目,,,,6958,187,232,268,296,274,269,326,407,542,469,422,360,475,782,569,687,3840,2347,996,3322,105,116,139,150,132,142,158,194,258,228,193,163,228,351,269,360,1846,1067,447,3636,82,116,129,146,142,127,168,213,284,241,229,197,247,431,300,327,1994,1280,549
131190420,2,板橋区,若木,,,,10353,389,391,365,435,502,517,588,686,813,770,673,574,586,682,613,1145,6144,2857,1562,5068,216,190,197,203,255,275,295,357,426,417,356,274,309,334,274,603,3167,1189,581,5285,173,201,168,232,247,242,293,329,387,353,317,300,277,348,339,542,2977,1668,981
13119042001,3,板橋区,若木１丁目,,,,4321,187,195,162,168,207,191,236,292,345,310,287,261,237,293,223,544,2534,1165,649,2047,110,92,81,83,96,97,111,137,170,166,146,113,128,138,100,283,1247,474,236,2274,77,103,81,85,111,94,125,155,175,144,141,148,109,155,123,261,1287,691,413
13119042002,3,板橋区,若木２丁目,,,,3712,110,91,94,153,168,214,217,238,283,278,234,165,217,232,279,295,2167,1160,649,1899,62,53,55,71,88,119,122,140,161,156,133,84,111,121,125,170,1185,496,250,1813,48,38,39,82,80,95,95,98,122,122,101,81,106,111,154,125,982,664,399
13119042003,3,板橋区,若木３丁目,,,,2320,92,105,109,114,127,112,135,156,185,182,152,148,132,157,111,306,1443,532,264,1122,44,45,61,49,71,59,62,80,95,95,77,77,70,75,49,150,735,219,95,1198,48,60,48,65,56,53,73,76,90,87,75,71,62,82,62,156,708,313,169
131190430,2,板橋区,蓮根,,,,17419,553,643,695,758,1003,991,1041,1183,1410,1244,1119,985,1105,1387,1090,1891,10839,4432,1955,8490,278,356,346,358,521,509,519,591,701,609,572,504,549,671,506,980,5433,1932,755,8929,275,287,349,400,482,482,522,592,709,635,547,481,556,716,584,911,5406,2500,1200
13119043001,3,板橋区,蓮根１丁目,,,,2917,132,134,116,120,202,215,195,244,255,184,161,150,161,194,146,382,1887,587,247,1462,66,77,63,59,100,112,93,132,130,88,83,89,80,103,63,206,966,261,95,1455,66,57,53,61,102,103,102,112,125,96,78,61,81,91,83,176,921,326,152
13119043002,3,板橋区,蓮根２丁目,,,,7439,229,248,277,329,436,418,474,492,537,546,520,455,525,576,427,754,4732,1827,824,3704,118,139,138,162,228,214,234,245,277,270,270,233,275,301,203,395,2408,828,324,3735,111,109,139,167,208,204,240,247,260,276,250,222,250,275,224,359,2324,999,500
13119043003,3,板橋区,蓮根３丁目,,,,7063,192,261,302,309,365,358,372,447,618,514,438,380,419,617,517,755,4220,2018,884,3324,94,140,145,137,193,183,192,214,294,251,219,182,194,267,240,379,2059,843,336,3739,98,121,157,172,172,175,180,233,324,263,219,198,225,350,277,376,2161,1175,548
131190440,2,板橋区,相生町,,,,4420,242,214,207,221,243,221,304,400,451,356,287,224,247,230,178,663,2954,742,334,2119,116,115,88,130,132,111,150,192,224,178,141,97,134,108,73,319,1489,279,98,2301,126,99,119,91,111,110,154,208,227,178,146,127,113,122,105,344,1465,463,236
131190450,2,板橋区,前野町,,,,30748,1434,1311,1314,1497,1577,1706,2001,2318,2617,2172,1862,1641,1679,1974,1558,4059,19070,7095,3563,14879,740,661,696,748,778,850,986,1189,1317,1114,917,851,847,937,703,2097,9597,2905,1265,15869,694,650,618,749,799,856,1015,1129,1300,1058,945,790,832,1037,855,1962,9473,4190,2298
13119045001,3,板橋区,前野町１丁目,,,,4814,245,169,193,310,265,281,303,343,372,321,274,248,266,340,281,607,2983,1178,557,2191,125,82,102,108,92,134,152,159,190,159,134,123,130,163,111,309,1381,478,204,2623,120,87,91,202,173,147,151,184,182,162,140,125,136,177,170,298,1602,700,353
13119045002,3,板橋区,前野町２丁目,,,,7151,501,328,262,274,319,410,564,715,681,500,422,408,389,432,294,1091,4682,1252,526,3481,253,176,136,144,160,207,266,374,339,255,192,207,185,205,145,565,2329,524,174,3670,248,152,126,130,159,203,298,341,342,245,230,201,204,227,149,526,2353,728,352
13119045003,3,板橋区,前野町３丁目,,,,6117,231,374,390,286,275,325,339,470,665,513,358,298,272,302,244,995,3801,1226,680,3046,119,175,207,150,150,180,167,236,326,284,182,171,149,151,115,501,1995,494,228,3071,112,199,183,136,125,145,172,234,339,229,176,127,123,151,129,494,1806,732,452
13119045004,3,板橋区,前野町４丁目,,,,3915,152,142,155,178,202,223,249,270,267,263,274,209,220,308,254,449,2355,1040,478,1930,81,72,82,99,117,116,117,139,134,123,141,112,111,156,105,235,1209,448,187,1985,71,70,73,79,85,107,132,131,133,140,133,97,109,152,149,214,1146,592,291
13119045005,3,板橋区,前野町５丁目,,,,3834,172,170,165,239,246,189,259,250,263,259,248,214,225,218,162,507,2392,842,462,1906,89,86,95,138,133,96,133,131,141,121,129,111,117,93,77,270,1250,332,162,1928,83,84,70,101,113,93,126,119,122,138,119,103,108,125,85,237,1142,510,300
13119045006,3,板橋区,前野町６丁目,,,,4917,133,128,149,210,270,278,287,270,369,316,286,264,307,374,323,410,2857,1557,860,2325,73,70,74,109,126,117,151,150,187,172,139,127,155,169,150,217,1433,629,310,2592,60,58,75,101,144,161,136,120,182,144,147,137,152,205,173,193,1424,928,550
131190460,2,板橋区,赤塚,,,,30890,1090,1015,1129,1385,1973,2308,2380,2362,2630,2396,2092,1649,1587,1837,1404,3234,20762,6193,2952,15652,572,517,579,705,977,1195,1310,1249,1336,1246,1137,887,813,945,636,1668,10855,2746,1165,15238,518,498,550,680,996,1113,1070,1113,1294,1150,955,762,774,892,768,1566,9907,3447,1787
13119046001,3,板橋区,赤塚１丁目,,,,3858,154,112,93,138,236,260,318,274,313,287,278,207,233,247,194,359,2544,861,420,1868,89,48,47,65,119,109,157,133,148,152,146,113,124,129,85,184,1266,372,158,1990,65,64,46,73,117,151,161,141,165,135,132,94,109,118,109,175,1278,489,262
13119046002,3,板橋区,赤塚２丁目,,,,5486,181,151,193,230,356,452,497,439,439,406,350,295,267,306,223,525,3731,1066,537,2690,85,84,95,106,156,221,265,236,201,202,182,166,150,148,101,264,1885,469,220,2796,96,67,98,124,200,231,232,203,238,204,168,129,117,158,122,261,1846,597,317
13119046003,3,板橋区,赤塚３丁目,,,,5054,152,126,126,168,421,525,443,429,431,370,347,261,204,268,204,404,3599,885,413,2624,82,67,55,83,210,292,249,237,247,188,182,149,97,145,100,204,1934,387,142,2430,70,59,71,85,211,233,194,192,184,182,165,112,107,123,104,200,1665,498,271
13119046004,3,板橋区,赤塚４丁目,,,,4207,142,138,144,192,244,303,342,305,365,342,291,229,228,268,204,424,2841,881,409,2225,76,76,87,102,131,175,209,164,189,175,161,112,116,138,103,239,1534,417,176,1982,66,62,57,90,113,128,133,141,176,167,130,117,112,130,101,185,1307,464,233
13119046005,3,板橋区,赤塚５丁目,,,,3524,129,139,181,187,231,233,238,262,285,294,236,173,195,224,167,449,2334,690,299,1847,73,71,92,103,117,124,143,143,152,155,149,87,99,116,73,236,1272,306,117,1677,56,68,89,84,114,109,95,119,133,139,87,86,96,108,94,213,1062,384,182
13119046006,3,板橋区,赤塚６丁目,,,,4143,143,134,173,222,268,278,271,265,346,332,278,249,223,231,182,450,2732,872,459,2097,63,55,85,113,140,149,149,136,182,178,156,135,114,126,83,203,1452,392,183,2046,80,79,88,109,128,129,122,129,164,154,122,114,109,105,99,247,1280,480,276
13119046007,3,板橋区,赤塚７丁目,,,,3579,137,150,161,168,166,213,219,314,340,281,238,180,179,237,190,448,2298,767,340,1770,75,80,85,90,76,101,111,166,163,150,123,96,84,114,76,240,1160,330,140,1809,62,70,76,78,90,112,108,148,177,131,115,84,95,123,114,208,1138,437,200
13119046008,3,板橋区,赤塚８丁目,,,,1039,52,65,58,80,51,44,52,74,111,84,74,55,58,56,40,175,683,171,75,531,29,36,33,43,28,24,27,34,54,46,38,29,29,29,15,98,352,73,29,508,23,29,25,37,23,20,25,40,57,38,36,26,29,27,25,77,331,98,46
131190470,2,板橋区,赤塚新町,,,,9583,374,292,262,308,519,700,824,783,724,639,610,519,622,646,465,928,6248,2159,1048,4731,199,170,137,165,242,349,418,415,375,362,302,251,322,312,222,506,3201,918,384,4852,175,122,125,143,277,351,406,368,349,277,308,268,300,334,243,422,3047,1241,664
13119047001,3,板橋区,赤塚新町１丁目,,,,1200,26,23,26,16,92,98,116,95,109,54,75,64,83,73,55,75,802,277,149,583,14,11,13,7,34,50,54,49,61,30,34,30,50,34,25,38,399,121,62,617,12,12,13,9,58,48,62,46,48,24,41,34,33,39,30,37,403,156,87
13119047002,3,板橋区,赤塚新町２丁目,,,,2007,68,58,46,72,102,171,204,159,133,132,131,112,117,113,84,172,1333,433,236,966,36,31,23,34,45,92,102,77,70,80,73,55,55,54,44,90,683,170,72,1041,32,27,23,38,57,79,102,82,63,52,58,57,62,59,40,82,650,263,164
13119047003,3,板橋区,赤塚新町３丁目,,,,6376,280,211,190,220,325,431,504,529,482,453,404,343,422,460,326,681,4113,1449,663,3182,149,128,101,124,163,207,262,289,244,252,195,166,217,224,153,378,2119,627,250,3194,131,83,89,96,162,224,242,240,238,201,209,177,205,236,173,303,1994,822,413
131190480,2,板橋区,四葉,,,,4529,215,240,254,259,247,212,253,309,461,404,331,234,220,208,192,709,2930,790,390,2364,117,131,132,156,141,103,125,167,234,227,175,127,121,108,80,380,1576,343,155,2165,98,109,122,103,106,109,128,142,227,177,156,107,99,100,112,329,1354,447,235
13119048001,3,板橋区,四葉１丁目,,,,2328,103,109,108,126,126,110,136,158,240,187,169,119,119,112,117,320,1490,429,200,1274,60,69,59,78,76,53,73,88,128,116,86,66,66,58,44,188,830,196,94,1054,43,40,49,48,50,57,63,70,112,71,83,53,53,54,73,132,660,233,106
13119048002,3,板橋区,四葉２丁目,,,,2201,112,131,146,133,121,102,117,151,221,217,162,115,101,96,75,389,1440,361,190,1090,57,62,73,78,65,50,52,79,106,111,89,61,55,50,36,192,746,147,61,1111,55,69,73,55,56,52,65,72,115,106,73,54,46,46,39,197,694,214,129
131190490,2,板橋区,大門,,,,1158,49,55,63,53,60,44,51,77,95,96,82,67,50,49,37,167,675,308,222,532,22,27,35,34,27,21,24,41,50,54,42,35,26,18,16,84,354,87,53,626,27,28,28,19,33,23,27,36,45,42,40,32,24,31,21,83,321,221,169
131190500,2,板橋区,三園,,,,6740,312,283,296,335,385,403,428,531,669,560,465,358,326,386,317,891,4460,1271,568,3544,160,141,150,167,205,240,248,268,378,322,258,202,186,185,156,451,2474,544,203,3196,152,142,146,168,180,163,180,263,291,238,207,156,140,201,161,440,1986,727,365
13119050001,3,板橋区,三園１丁目,,,,5728,268,239,268,298,320,334,357,469,577,492,404,298,265,311,258,775,3814,1045,476,3004,139,116,135,147,175,204,201,234,322,283,225,169,154,148,123,390,2114,441,170,2724,129,123,133,151,145,130,156,235,255,209,179,129,111,163,135,385,1700,604,306
13119050002,3,板橋区,三園２丁目,,,,1012,44,44,28,37,65,69,71,62,92,68,61,60,61,75,59,116,646,226,92,540,21,25,15,20,30,36,47,34,56,39,33,33,32,37,33,61,360,103,33,472,23,19,13,17,35,33,24,28,36,29,28,27,29,38,26,55,286,123,59
131190510,2,板橋区,成増,,,,28464,1256,1048,940,1032,1651,2031,2216,2442,2689,2250,1878,1485,1320,1428,1306,3244,18994,5525,2791,13871,657,524,472,490,796,1021,1136,1267,1364,1172,931,751,620,669,582,1653,9548,2282,1031,14593,599,524,468,542,855,1010,1080,1175,1325,1078,947,734,700,759,724,1591,9446,3243,1760
13119051001,3,板橋区,成増１丁目,,,,6801,327,286,240,255,375,447,519,578,690,531,471,381,361,375,297,853,4608,1147,475,3288,174,141,111,114,164,209,256,285,329,280,231,192,170,181,133,426,2230,504,190,3513,153,145,129,141,211,238,263,293,361,251,240,189,191,194,164,427,2378,643,285
13119051002,3,板橋区,成増２丁目,,,,4972,222,199,156,144,274,400,480,465,494,408,326,253,247,238,200,577,3491,781,343,2379,110,98,75,62,130,196,232,239,246,220,139,136,114,102,87,283,1714,328,139,2593,112,101,81,82,144,204,248,226,248,188,187,117,133,136,113,294,1777,453,204
13119051003,3,板橋区,成増３丁目,,,,7629,418,280,196,241,460,579,608,775,743,638,503,390,301,328,321,894,5238,1310,661,3712,214,132,92,123,212,290,313,394,384,332,256,197,141,147,149,438,2642,534,238,3917,204,148,104,118,248,289,295,381,359,306,247,193,160,181,172,456,2596,776,423
13119051004,3,板橋区,成増４丁目,,,,5299,172,154,197,215,326,387,400,372,471,397,346,258,215,247,257,523,3387,1231,727,2683,97,82,114,99,174,213,229,217,248,201,199,128,110,120,122,293,1818,491,249,2616,75,72,83,116,152,174,171,155,223,196,147,130,105,127,135,230,1569,740,478
13119051005,3,板橋区,成増５丁目,,,,3763,117,129,151,177,216,218,209,252,291,276,232,203,196,240,231,397,2270,1056,585,1809,62,71,80,92,116,113,106,132,157,139,106,98,85,119,91,213,1144,425,215,1954,55,58,71,85,100,105,103,120,134,137,126,105,111,121,140,184,1126,631,370
131190520,2,板橋区,徳丸,,,,35169,1497,1518,1458,1661,2089,2164,2579,2513,2870,2796,2467,1995,1907,1993,1607,4473,23041,7073,3473,17383,758,767,740,831,1017,1049,1322,1250,1492,1439,1282,1006,1029,989,744,2265,11717,3090,1357,17786,739,751,718,830,1072,1115,1257,1263,1378,1357,1185,989,878,1004,863,2208,11324,3983,2116
13119052001,3,板橋区,徳丸１丁目,,,,6615,224,224,210,213,410,478,510,459,525,418,418,374,390,415,392,658,4195,1613,806,3269,120,107,103,113,200,229,276,223,303,216,222,182,201,209,170,330,2165,700,321,3346,104,117,107,100,210,249,234,236,222,202,196,192,189,206,222,328,2030,913,485
13119052002,3,板橋区,徳丸２丁目,,,,4096,126,103,106,152,287,297,352,275,302,294,307,277,247,252,196,335,2790,886,438,1970,61,51,53,74,130,126,170,136,172,139,151,141,129,136,94,165,1368,394,164,2126,65,52,53,78,157,171,182,139,130,155,156,136,118,116,102,170,1422,492,274
13119052003,3,板橋区,徳丸３丁目,,,,7537,268,262,307,378,424,396,478,429,554,726,590,447,463,445,348,837,4885,1692,899,3625,140,146,152,180,193,192,242,215,256,364,298,223,251,205,164,438,2414,706,337,3912,128,116,155,198,231,204,236,214,298,362,292,224,212,240,184,399,2471,986,562
13119052004,3,板橋区,徳丸４丁目,,,,5376,285,300,231,293,308,306,431,450,471,389,344,244,232,261,246,816,3468,1016,509,2654,144,147,121,153,156,141,217,223,242,208,176,125,127,123,111,412,1768,434,200,2722,141,153,110,140,152,165,214,227,229,181,168,119,105,138,135,404,1700,582,309
13119052005,3,板橋区,徳丸５丁目,,,,2220,123,125,127,110,130,130,153,183,168,171,164,126,98,101,100,375,1433,396,195,1118,62,63,63,46,68,57,81,94,85,92,86,69,61,49,47,188,739,183,87,1102,61,62,64,64,62,73,72,89,83,79,78,57,37,52,53,187,694,213,108
13119052006,3,板橋区,徳丸６丁目,,,,5323,237,283,247,289,315,317,340,360,488,445,379,332,276,305,197,767,3541,938,436,2725,122,138,130,144,150,184,174,186,264,237,203,163,151,161,98,390,1856,428,169,2598,115,145,117,145,165,133,166,174,224,208,176,169,125,144,99,377,1685,510,267
13119052007,3,板橋区,徳丸７丁目,,,,1823,93,89,94,89,108,111,157,163,157,145,112,104,90,115,65,276,1236,280,100,913,45,47,42,45,59,51,82,79,78,77,59,55,49,57,33,134,634,131,41,910,48,42,52,44,49,60,75,84,79,68,53,49,41,58,32,142,602,149,59
13119052008,3,板橋区,徳丸８丁目,,,,2179,141,132,136,137,107,129,158,194,205,208,153,91,111,99,63,409,1493,252,90,1109,64,68,76,76,61,69,80,94,92,106,87,48,60,49,27,208,773,114,38,1070,77,64,60,61,46,60,78,100,113,102,66,43,51,50,36,201,720,138,52
131190530,2,板橋区,東山町,,,,3814,113,97,121,152,223,284,300,248,282,271,262,256,247,254,222,331,2525,850,374,1861,64,50,63,89,101,125,152,138,131,141,115,141,113,147,93,177,1246,388,148,1953,49,47,58,63,122,159,148,110,151,130,147,115,134,107,129,154,1279,462,226
131190540,2,板橋区,桜川,,,,4727,163,178,155,189,262,340,339,355,376,379,323,279,232,275,215,496,3074,998,508,2261,82,87,70,93,123,147,174,186,179,191,163,154,123,113,116,239,1533,423,194,2466,81,91,85,96,139,193,165,169,197,188,160,125,109,162,99,257,1541,575,314
13119054001,3,板橋区,桜川１丁目,秘匿地域,54002,,,,,,,,,,,,,,,,,,,,,,,,,,,,,,,,,,,,,,,,,,,,,,,,,,,,,,,,,,,,,
13119054002,3,板橋区,桜川２丁目,合算地域あり,,54001,2581,81,117,89,106,134,179,171,193,235,208,160,158,119,144,112,287,1663,524,268,1208,44,57,42,48,61,75,88,105,116,100,81,85,61,55,57,143,820,208,96,1373,37,60,47,58,73,104,83,88,119,108,79,73,58,89,55,144,843,316,172
13119054003,3,板橋区,桜川３丁目,,,,2146,82,61,66,83,128,161,168,162,141,171,163,121,113,131,103,209,1411,474,240,1053,38,30,28,45,62,72,86,81,63,91,82,69,62,58,59,96,713,215,98,1093,44,31,38,38,66,89,82,81,78,80,81,52,51,73,44,113,698,259,142
131190550,2,板橋区,高島平,,,,49646,1685,1575,1542,1787,2420,2822,3055,3425,3971,3335,2852,2481,3214,4380,3849,4802,29362,14527,6298,24551,873,803,801,899,1182,1503,1600,1783,2094,1783,1499,1288,1594,2054,1747,2477,15225,6320,2519,25095,812,772,741,888,1238,1319,1455,1642,1877,1552,1353,1193,1620,2326,2102,2325,14137,8207,3779
13119055001,3,板橋区,高島平１丁目,,,,8260,371,312,308,348,607,700,692,683,722,590,568,377,441,446,361,991,5728,1326,519,4224,201,163,177,174,286,359,359,354,356,328,295,191,226,240,160,541,2928,636,236,4036,170,149,131,174,321,341,333,329,366,262,273,186,215,206,201,450,2800,690,283
13119055002,3,板橋区,高島平２丁目,,,,13443,289,249,271,289,409,480,640,730,963,755,645,686,1089,1724,1565,809,6686,5728,2439,6399,148,123,132,136,180,236,329,389,520,400,360,360,561,771,725,403,3471,2410,914,7044,141,126,139,153,229,244,311,341,443,355,285,326,528,953,840,406,3215,3318,1525
13119055003,3,板橋区,高島平３丁目,,,,5706,131,170,171,181,233,206,216,308,417,331,277,298,432,583,561,472,2899,2251,1107,2660,68,80,82,93,133,116,99,151,214,154,128,138,176,258,239,230,1402,976,479,3046,63,90,89,88,100,90,117,157,203,177,149,160,256,325,322,242,1497,1275,628
13119055004,3,板橋区,高島平４丁目,,,,1966,78,94,84,86,96,102,112,161,175,160,116,111,108,128,105,256,1227,454,221,1049,44,45,51,44,49,64,63,85,94,94,61,57,61,75,47,140,672,219,97,917,34,49,33,42,47,38,49,76,81,66,55,54,47,53,58,116,555,235,124
13119055005,3,板橋区,高島平５丁目,,,,3153,100,110,119,120,157,173,191,190,233,234,242,193,207,223,197,329,1940,821,401,1664,45,61,58,65,89,99,107,105,124,123,131,111,111,116,104,164,1065,394,174,1489,55,49,61,55,68,74,84,85,109,111,111,82,96,107,93,165,875,427,227
13119055006,3,板橋区,高島平６丁目,,,,17,,,,,1,3,5,3,,2,2,,1,,,,17,,,17,,,,,1,3,5,3,,2,2,,1,,,,17,,,,,,,,,,,,,,,,,,,,,,
13119055007,3,板橋区,高島平７丁目,,,,5114,191,179,190,271,321,356,350,373,416,431,352,265,271,367,265,560,3406,1003,371,2603,98,90,91,132,166,195,191,187,231,225,201,145,137,177,125,279,1810,439,137,2511,93,89,99,139,155,161,159,186,185,206,151,120,134,190,140,281,1596,564,234
13119055008,3,板橋区,高島平８丁目,,,,3851,187,126,128,161,238,383,365,365,352,273,258,198,215,200,128,441,2808,511,183,1997,101,68,72,77,104,202,210,197,180,149,130,103,110,109,60,241,1462,236,67,1854,86,58,56,84,134,181,155,168,172,124,128,95,105,91,68,200,1346,275,116
13119055009,3,板橋区,高島平９丁目,,,,8136,338,335,271,331,358,419,484,612,693,559,392,353,450,709,667,944,4651,2433,1057,3938,168,173,138,178,174,229,237,312,375,308,191,183,211,308,287,479,2398,1010,415,4198,170,162,133,153,184,190,247,300,318,251,201,170,239,401,380,465,2253,1423,642
131190560,2,板橋区,新河岸,,,,6133,176,253,298,275,212,209,217,361,489,463,329,268,340,511,578,727,3163,2204,1115,2945,96,136,154,146,121,116,109,184,256,239,168,138,155,223,264,386,1632,903,416,3188,80,117,144,129,91,93,108,177,233,224,161,130,185,288,314,341,1531,1301,699
13119056001,3,板橋区,新河岸１丁目,,,,2542,104,156,155,115,100,98,112,197,250,215,149,97,133,198,176,415,1466,651,277,1244,58,82,73,59,50,50,57,99,129,106,74,47,65,83,84,213,736,288,121,1298,46,74,82,56,50,48,55,98,121,109,75,50,68,115,92,202,730,363,156
13119056002,3,板橋区,新河岸２丁目,,,,2773,53,73,114,124,62,66,66,108,187,185,126,124,146,252,346,240,1194,1318,720,1264,27,40,66,70,39,31,31,52,96,94,63,61,59,111,152,133,596,523,260,1509,26,33,48,54,23,35,35,56,91,91,63,63,87,141,194,107,598,795,460
13119056003,3,板橋区,新河岸３丁目,,,,818,19,24,29,36,50,45,39,56,52,63,54,47,61,61,56,72,503,235,118,437,11,14,15,17,32,35,21,33,31,39,31,30,31,29,28,40,300,92,35,381,8,10,14,19,18,10,18,23,21,24,23,17,30,32,28,32,203,143,83
131190570,2,板橋区,舟渡,,,,9128,463,366,299,387,521,559,707,758,824,692,542,439,445,498,377,1128,5874,1926,1051,4458,233,200,150,211,230,261,351,388,423,366,292,240,238,249,183,583,3000,767,335,4670,230,166,149,176,291,298,356,370,401,326,250,199,207,249,194,545,2874,1159,716
13119057001,3,板橋区,舟渡１丁目,,,,3622,190,150,120,137,200,230,293,311,325,278,199,157,159,157,98,460,2289,773,518,1676,94,85,64,68,68,101,136,156,170,148,108,79,84,70,46,243,1118,260,144,1946,96,65,56,69,132,129,157,155,155,130,91,78,75,87,52,217,1171,513,374
13119057002,3,板橋区,舟渡２丁目,,,,3796,199,160,129,159,196,215,278,335,374,309,229,198,184,248,215,488,2477,768,305,1929,101,84,61,92,94,98,150,170,180,162,119,120,96,129,105,246,1281,364,130,1867,98,76,68,67,102,117,128,165,194,147,110,78,88,119,110,242,1196,404,175
13119057003,3,板橋区,舟渡３丁目,,,,1633,73,56,50,82,109,106,132,107,123,100,113,81,98,87,60,179,1051,366,219,829,37,31,25,51,68,61,65,60,71,53,64,40,56,46,30,93,589,132,56,804,36,25,25,31,41,45,67,47,52,47,49,41,42,41,30,86,462,234,163
13119057004,3,板橋区,舟渡４丁目,,,,77,1,,,9,16,8,4,5,2,5,1,3,4,6,4,1,57,19,9,24,1,,,,,1,,2,2,3,1,1,2,4,2,1,12,11,5,53,,,,9,16,7,4,3,,2,,2,2,2,2,,45,8,4